{
  "utils/locate-reuse-libs-dbg.js": 1656921045223,
  "manifest.json": 1656937331559,
  "utils/locate-reuse-libs.js": 1656921045223,
  "model/models.js": 1656921045223,
  "controller/App.controller.js": 1656921045227,
  "Component.js": 1656921045211,
  "manifest-bundle.zip": 1656937331572,
  "Component-preload.js": 1656937331818,
  "Component-dbg.js": 1656921045211,
  "model/models-dbg.js": 1656921045223,
  "controller/App-dbg.controller.js": 1656921045227,
  "i18n/i18n.properties": 1656921076676,
  "view/App.view.xml": 1656927934204,
  "css/style.css": 1656921045231,
  "index.html": 1656921045215
}