{
  "controller/NotFound.controller.js": 1656944114003,
  "model/sideContent.json": 1656943537947,
  "manifest.json": 1656951360898,
  "controller/modules/utilController.js": 1656945437305,
  "utils/locate-reuse-libs.js": 1656921045223,
  "model/models.js": 1656921045223,
  "model/formatter.js": 1656943609236,
  "controller/VendorList.controller.js": 1656951211143,
  "controller/Search.controller.js": 1656943485879,
  "controller/PricingCond.controller.js": 1656951281603,
  "i18n/i18n.properties": 1656945054754,
  "controller/MyInbox.controller.js": 1656944054555,
  "controller/BaseController.js": 1656943496963,
  "controller/App.controller.js": 1656943503635,
  "Component.js": 1656921045211,
  "manifest-bundle.zip": 1656951360908,
  "Component-preload.js": 1656951361448,
  "model/formatter-dbg.js": 1656943609236,
  "utils/locate-reuse-libs-dbg.js": 1656921045223,
  "model/models-dbg.js": 1656921045223,
  "controller/modules/utilController-dbg.js": 1656945437305,
  "controller/VendorList-dbg.controller.js": 1656951211143,
  "controller/Search-dbg.controller.js": 1656943485879,
  "controller/PricingCond-dbg.controller.js": 1656951281603,
  "controller/NotFound-dbg.controller.js": 1656944114003,
  "controller/MyInbox-dbg.controller.js": 1656944054555,
  "controller/BaseController-dbg.js": 1656943496963,
  "controller/App-dbg.controller.js": 1656943503635,
  "Component-dbg.js": 1656921045211,
  "view/fragments/VendorForm.fragment.xml": 1656944981245,
  "view/fragments/PricingConditionForm.fragment.xml": 1656944879293,
  "view/fragments/Notification.fragment.xml": 1656944815016,
  "view/fragments/MyInboxNotification.fragment.xml": 1656944750020,
  "view/fragments/AddVendorForm.fragment.xml": 1656944711755,
  "view/fragments/AddPricingForm.fragment.xml": 1656944681255,
  "view/VendorList.view.xml": 1656945515213,
  "view/Search.view.xml": 1656943657664,
  "view/PricingCond.view.xml": 1656944222880,
  "view/NotFound.view.xml": 1656944311980,
  "view/MyInbox.view.xml": 1656944264504,
  "view/App.view.xml": 1656943720864,
  "css/style.css": 1656921045231,
  "index.html": 1656921045215
}